sample_index,clip_source,label,split
0,normal.mp4,0,holdout_test
1,normal.mp4,0,holdout_test
2,normal.mp4,0,holdout_test
3,normal.mp4,0,holdout_test
4,normal.mp4,0,holdout_test
5,normal.mp4,0,holdout_test
6,normal.mp4,0,holdout_test
7,normal.mp4,0,holdout_test
8,normal.mp4,0,holdout_test
9,normal.mp4,0,holdout_test
10,normal.mp4,0,holdout_test
11,normal.mp4,0,holdout_test
12,normal.mp4,0,holdout_test
13,normal.mp4,0,holdout_test
14,normal.mp4,0,holdout_test
15,normal.mp4,0,holdout_test
16,normal.mp4,0,holdout_test
17,normal.mp4,0,holdout_test
18,normal.mp4,0,holdout_test
19,normal.mp4,0,holdout_test
20,normal.mp4,0,holdout_test
21,normal.mp4,0,holdout_test
22,normal.mp4,0,holdout_test
23,normal.mp4,0,holdout_test
24,normal.mp4,0,holdout_test
25,normal.mp4,0,holdout_test
26,normal.mp4,0,holdout_test
27,normal.mp4,0,holdout_test
28,normal.mp4,0,holdout_test
29,normal.mp4,0,holdout_test
30,normal.mp4,0,holdout_test
31,normal.mp4,0,holdout_test
32,normal.mp4,0,holdout_test
33,normal.mp4,0,holdout_test
34,normal.mp4,0,holdout_test
35,normal.mp4,0,holdout_test
36,normal.mp4,0,holdout_test
37,normal.mp4,0,holdout_test
38,normal.mp4,0,holdout_test
39,normal.mp4,0,holdout_test
40,normal.mp4,0,holdout_test
41,normal.mp4,0,holdout_test
42,normal.mp4,0,holdout_test
43,normal.mp4,0,holdout_test
44,normal.mp4,0,holdout_test
45,normal.mp4,0,holdout_test
46,normal.mp4,0,holdout_test
47,normal.mp4,0,holdout_test
48,normal.mp4,0,holdout_test
49,normal.mp4,0,holdout_test
50,normal.mp4,0,holdout_test
51,normal.mp4,0,holdout_test
52,normal.mp4,0,holdout_test
53,normal.mp4,0,holdout_test
54,normal.mp4,0,holdout_test
55,normal.mp4,0,holdout_test
56,normal.mp4,0,holdout_test
57,normal.mp4,0,holdout_test
58,normal.mp4,0,holdout_test
59,normal.mp4,0,holdout_test
60,normal.mp4,0,holdout_test
61,normal.mp4,0,holdout_test
62,normal.mp4,0,holdout_test
63,normal.mp4,0,holdout_test
64,normal.mp4,0,holdout_test
65,normal.mp4,0,holdout_test
66,normal.mp4,0,holdout_test
67,normal.mp4,0,holdout_test
68,normal.mp4,0,holdout_test
69,normal.mp4,0,holdout_test
70,normal.mp4,0,holdout_test
71,normal.mp4,0,holdout_test
72,normal.mp4,0,holdout_test
73,normal.mp4,0,holdout_test
74,normal.mp4,0,holdout_test
75,normal.mp4,0,holdout_test
76,normal.mp4,0,holdout_test
77,normal.mp4,0,holdout_test
78,normal.mp4,0,holdout_test
79,normal.mp4,0,holdout_test
80,normal.mp4,0,holdout_test
81,normal.mp4,0,holdout_test
82,normal.mp4,0,holdout_test
83,normal.mp4,0,holdout_test
84,normal.mp4,0,holdout_test
85,normal.mp4,0,holdout_test
86,normal.mp4,0,holdout_test
87,normal.mp4,0,holdout_test
88,normal.mp4,0,holdout_test
89,normal.mp4,0,holdout_test
90,normal.mp4,0,holdout_test
91,normal.mp4,0,holdout_test
92,eyes_closed.mp4,1,development
93,eyes_closed.mp4,1,development
94,eyes_closed.mp4,1,development
95,eyes_closed.mp4,1,development
96,eyes_closed.mp4,1,development
97,eyes_closed.mp4,1,development
98,eyes_closed.mp4,1,development
99,eyes_closed.mp4,1,development
100,eyes_closed.mp4,1,development
101,eyes_closed.mp4,1,development
102,eyes_closed.mp4,1,development
103,eyes_closed.mp4,1,development
104,eyes_closed.mp4,1,development
105,eyes_closed.mp4,1,development
106,eyes_closed.mp4,1,development
107,eyes_closed.mp4,1,development
108,eyes_closed.mp4,1,development
109,eyes_closed.mp4,1,development
110,eyes_closed.mp4,1,development
111,eyes_closed.mp4,1,development
112,eyes_closed.mp4,1,development
113,eyes_closed.mp4,1,development
114,eyes_closed.mp4,1,development
115,eyes_closed.mp4,1,development
116,eyes_closed.mp4,1,development
117,eyes_closed.mp4,1,development
118,eyes_closed.mp4,1,development
119,eyes_closed.mp4,1,development
120,eyes_closed.mp4,1,development
121,eyes_closed.mp4,1,development
122,eyes_closed.mp4,1,development
123,eyes_closed.mp4,1,development
124,eyes_closed.mp4,1,development
125,eyes_closed.mp4,1,development
126,eyes_closed.mp4,1,development
127,eyes_closed.mp4,1,development
128,eyes_closed.mp4,1,development
129,eyes_closed.mp4,1,development
130,eyes_closed.mp4,1,development
131,eyes_closed.mp4,1,development
132,eyes_closed.mp4,1,development
133,eyes_closed.mp4,1,development
134,eyes_closed.mp4,1,development
135,eyes_closed.mp4,1,development
136,eyes_closed.mp4,1,development
137,eyes_closed.mp4,1,development
138,eyes_closed.mp4,1,development
139,yawn.mp4,1,holdout_test
140,yawn.mp4,1,holdout_test
141,yawn.mp4,1,holdout_test
142,yawn.mp4,1,holdout_test
143,yawn.mp4,1,holdout_test
144,yawn.mp4,1,holdout_test
145,yawn.mp4,1,holdout_test
146,yawn.mp4,1,holdout_test
147,yawn.mp4,1,holdout_test
148,yawn.mp4,1,holdout_test
149,yawn.mp4,1,holdout_test
150,yawn.mp4,1,holdout_test
151,yawn.mp4,1,holdout_test
152,yawn.mp4,1,holdout_test
153,yawn.mp4,1,holdout_test
154,yawn.mp4,1,holdout_test
155,yawn.mp4,1,holdout_test
156,yawn.mp4,1,holdout_test
157,yawn.mp4,1,holdout_test
158,yawn.mp4,1,holdout_test
159,yawn.mp4,1,holdout_test
160,yawn.mp4,1,holdout_test
161,yawn.mp4,1,holdout_test
162,yawn.mp4,1,holdout_test
163,yawn.mp4,1,holdout_test
164,yawn.mp4,1,holdout_test
165,yawn.mp4,1,holdout_test
166,yawn.mp4,1,holdout_test
167,yawn.mp4,1,holdout_test
168,yawn.mp4,1,holdout_test
169,yawn.mp4,1,holdout_test
170,yawn.mp4,1,holdout_test
171,yawn.mp4,1,holdout_test
172,yawn.mp4,1,holdout_test
173,yawn.mp4,1,holdout_test
174,yawn.mp4,1,holdout_test
175,yawn.mp4,1,holdout_test
176,yawn.mp4,1,holdout_test
177,yawn.mp4,1,holdout_test
178,yawn.mp4,1,holdout_test
179,yawn.mp4,1,holdout_test
180,yawn.mp4,1,holdout_test
181,yawn.mp4,1,holdout_test
182,yawn.mp4,1,holdout_test
183,yawn.mp4,1,holdout_test
184,yawn.mp4,1,holdout_test
185,head_nod.mp4,1,development
186,head_nod.mp4,1,development
187,head_nod.mp4,1,development
188,head_nod.mp4,1,development
189,head_nod.mp4,1,development
190,head_nod.mp4,1,development
191,head_nod.mp4,1,development
192,head_nod.mp4,1,development
193,head_nod.mp4,1,development
194,head_nod.mp4,1,development
195,head_nod.mp4,1,development
196,head_nod.mp4,1,development
197,head_nod.mp4,1,development
198,head_nod.mp4,1,development
199,head_nod.mp4,1,development
200,head_nod.mp4,1,development
201,head_nod.mp4,1,development
202,head_nod.mp4,1,development
203,head_nod.mp4,1,development
204,head_nod.mp4,1,development
205,head_nod.mp4,1,development
206,head_nod.mp4,1,development
207,head_nod.mp4,1,development
208,head_nod.mp4,1,development
209,head_nod.mp4,1,development
210,head_nod.mp4,1,development
211,head_nod.mp4,1,development
212,head_nod.mp4,1,development
213,head_nod.mp4,1,development
214,head_nod.mp4,1,development
215,head_nod.mp4,1,development
216,head_nod.mp4,1,development
217,head_nod.mp4,1,development
218,phone_glance.mp4,1,development
219,phone_glance.mp4,1,development
220,phone_glance.mp4,1,development
221,phone_glance.mp4,1,development
222,phone_glance.mp4,1,development
223,phone_glance.mp4,1,development
224,phone_glance.mp4,1,development
225,phone_glance.mp4,1,development
226,phone_glance.mp4,1,development
227,phone_glance.mp4,1,development
228,phone_glance.mp4,1,development
229,phone_glance.mp4,1,development
230,phone_glance.mp4,1,development
231,phone_glance.mp4,1,development
232,phone_glance.mp4,1,development
233,phone_glance.mp4,1,development
234,phone_glance.mp4,1,development
235,phone_glance.mp4,1,development
236,phone_glance.mp4,1,development
237,phone_glance.mp4,1,development
238,phone_glance.mp4,1,development
239,phone_glance.mp4,1,development
240,phone_glance.mp4,1,development
241,phone_glance.mp4,1,development
242,phone_glance.mp4,1,development
243,phone_glance.mp4,1,development
244,phone_glance.mp4,1,development
245,phone_glance.mp4,1,development
246,phone_glance.mp4,1,development
247,phone_glance.mp4,1,development
248,phone_glance.mp4,1,development
249,phone_glance.mp4,1,development
250,phone_glance.mp4,1,development
251,phone_glance.mp4,1,development
252,phone_glance.mp4,1,development
253,phone_glance.mp4,1,development
254,phone_glance.mp4,1,development
255,phone_glance.mp4,1,development
256,phone_glance.mp4,1,development
257,phone_glance.mp4,1,development
258,phone_glance.mp4,1,development
259,phone_glance.mp4,1,development
260,phone_glance.mp4,1,development
261,phone_glance.mp4,1,development
262,phone_glance.mp4,1,development
263,phone_glance.mp4,1,development
264,phone_glance.mp4,1,development
265,phone_glance.mp4,1,development
266,phone_glance.mp4,1,development
267,phone_glance.mp4,1,development
268,phone_glance.mp4,1,development
269,phone_glance.mp4,1,development
270,phone_glance.mp4,1,development
271,phone_glance.mp4,1,development
272,phone_glance.mp4,1,development
273,phone_glance.mp4,1,development
274,phone_glance.mp4,1,development
275,phone_glance.mp4,1,development
276,phone_glance.mp4,1,development
277,phone_glance.mp4,1,development
278,phone_glance.mp4,1,development
279,phone_glance.mp4,1,development
280,phone_glance.mp4,1,development
281,phone_glance.mp4,1,development
282,phone_glance.mp4,1,development
283,phone_glance.mp4,1,development
284,phone_glance.mp4,1,development
285,phone_glance.mp4,1,development
286,phone_glance.mp4,1,development
287,phone_glance.mp4,1,development
288,head_tilt_left.mp4,1,development
289,head_tilt_left.mp4,1,development
290,head_tilt_left.mp4,1,development
291,head_tilt_left.mp4,1,development
292,head_tilt_left.mp4,1,development
293,head_tilt_left.mp4,1,development
294,head_tilt_left.mp4,1,development
295,head_tilt_left.mp4,1,development
296,head_tilt_left.mp4,1,development
297,head_tilt_left.mp4,1,development
298,head_tilt_left.mp4,1,development
299,head_tilt_left.mp4,1,development
300,head_tilt_left.mp4,1,development
301,head_tilt_left.mp4,1,development
302,head_tilt_left.mp4,1,development
303,head_tilt_left.mp4,1,development
304,head_tilt_left.mp4,1,development
305,head_tilt_left.mp4,1,development
306,head_tilt_left.mp4,1,development
307,head_tilt_left.mp4,1,development
308,head_tilt_left.mp4,1,development
309,head_tilt_left.mp4,1,development
310,head_tilt_left.mp4,1,development
311,head_tilt_left.mp4,1,development
312,head_tilt_left.mp4,1,development
313,head_tilt_left.mp4,1,development
314,head_tilt_left.mp4,1,development
315,head_tilt_left.mp4,1,development
316,head_tilt_left.mp4,1,development
317,head_tilt_left.mp4,1,development
318,head_tilt_left.mp4,1,development
319,head_tilt_left.mp4,1,development
320,head_tilt_left.mp4,1,development
321,head_tilt_left.mp4,1,development
322,head_tilt_left.mp4,1,development
323,head_tilt_left.mp4,1,development
324,head_tilt_left.mp4,1,development
325,head_tilt_left.mp4,1,development
326,head_tilt_left.mp4,1,development
327,head_tilt_left.mp4,1,development
328,head_tilt_left.mp4,1,development
329,head_tilt_left.mp4,1,development
330,head_tilt_left.mp4,1,development
331,head_tilt_right.mp4,1,development
332,head_tilt_right.mp4,1,development
333,head_tilt_right.mp4,1,development
334,head_tilt_right.mp4,1,development
335,head_tilt_right.mp4,1,development
336,head_tilt_right.mp4,1,development
337,head_tilt_right.mp4,1,development
338,head_tilt_right.mp4,1,development
339,head_tilt_right.mp4,1,development
340,head_tilt_right.mp4,1,development
341,head_tilt_right.mp4,1,development
342,head_tilt_right.mp4,1,development
343,head_tilt_right.mp4,1,development
344,head_tilt_right.mp4,1,development
345,head_tilt_right.mp4,1,development
346,head_tilt_right.mp4,1,development
347,head_tilt_right.mp4,1,development
348,head_tilt_right.mp4,1,development
349,head_tilt_right.mp4,1,development
350,head_tilt_right.mp4,1,development
351,head_tilt_right.mp4,1,development
352,head_tilt_right.mp4,1,development
353,head_tilt_right.mp4,1,development
354,head_tilt_right.mp4,1,development
355,head_tilt_right.mp4,1,development
356,head_tilt_right.mp4,1,development
357,head_tilt_right.mp4,1,development
358,head_tilt_right.mp4,1,development
359,head_tilt_right.mp4,1,development
360,head_tilt_right.mp4,1,development
361,head_tilt_right.mp4,1,development
362,head_tilt_right.mp4,1,development
363,head_tilt_right.mp4,1,development
364,head_tilt_right.mp4,1,development
365,head_tilt_right.mp4,1,development
366,head_tilt_right.mp4,1,development
367,head_tilt_right.mp4,1,development
368,head_tilt_right.mp4,1,development
369,head_tilt_right.mp4,1,development
370,head_tilt_right.mp4,1,development
371,head_tilt_right.mp4,1,development
372,head_tilt_right.mp4,1,development
373,head_tilt_right.mp4,1,development
374,head_tilt_right.mp4,1,development
375,head_tilt_right.mp4,1,development
376,head_tilt_right.mp4,1,development
377,head_tilt_right.mp4,1,development
378,head_tilt_right.mp4,1,development
379,head_tilt_right.mp4,1,development
380,head_tilt_right.mp4,1,development
381,head_tilt_right.mp4,1,development
382,head_tilt_right.mp4,1,development
